<?xml version="1.0"?>
<!DOCTYPE Configure PUBLIC "-//Mort Bay Consulting//DTD Configure//EN" "http://jetty.mortbay.org/configure.dtd">


<!-- =============================================================== -->
<!-- Configure stderr and stdout to a Jetty rollover log file        -->
<!-- this configuration file should be used in combination with      -->
<!-- other configuration files.  e.g.                                -->
<!--    java -jar start.jar etc/jetty-logging.xml etc/jetty.xml      -->
<!-- =============================================================== -->
<Configure id="Server" class="org.mortbay.jetty.Server">

  <New id="ServerOutLog" class="java.io.PrintStream">
    <Arg>
      <New class="org.mortbay.util.RolloverFileOutputStream">
        <Arg><SystemProperty name="jetty.logs" default="."/>/solr/yyyy_mm_dd.stdout.log</Arg>
        <Arg type="boolean">false</Arg>
        <Arg type="int">10</Arg>
        <Arg><Call class="java.util.TimeZone" name="getTimeZone"><Arg>GMT</Arg></Call></Arg>
        <Get id="ServerOutLogName" name="datedFilename"/>
      </New>
    </Arg>
  </New>

  <New id="ServerErrLog" class="java.io.PrintStream">
    <Arg>
      <New class="org.mortbay.util.RolloverFileOutputStream">
        <Arg><SystemProperty name="jetty.logs" default="."/>/solr/yyyy_mm_dd.stderr.log</Arg>
        <Arg type="boolean">false</Arg>
        <Arg type="int">10</Arg>
        <Arg><Call class="java.util.TimeZone" name="getTimeZone"><Arg>GMT</Arg></Call></Arg>
        <Get id="ServerErrLogName" name="datedFilename"/>
      </New>
    </Arg>
  </New>

  <Call class="org.mortbay.log.Log" name="info"><Arg>Redirecting stdout to <Ref id="ServerOutLogName"/></Arg></Call>
  <Call class="org.mortbay.log.Log" name="info"><Arg>Redirecting stderr to <Ref id="ServerErrLogName"/></Arg></Call>
  <Call class="java.lang.System" name="setOut"><Arg><Ref id="ServerOutLog"/></Arg></Call>
  <Call class="java.lang.System" name="setErr"><Arg><Ref id="ServerErrLog"/></Arg></Call>

</Configure>



